Workbook

Sheet 64
A1: 4DC0 | B1: ䷀ | C1: 乾 | D1: 111111 | E1: 777777
A2: 4DC1 | B2: ䷁ | C2: 坤 | D2: 222222 | E2: 888888
A3: 4DC2 | B3: ䷂ | C3: 屯 | D3: 212221 | E3: 878887
A4: 4DC3 | B4: ䷃ | C4: 蒙 | D4: 122212 | E4: 788878
A5: 4DC4 | B5: ䷄ | C5: 需 | D5: 212111 | E5: 878777
A6: 4DC5 | B6: ䷅ | C6: 訟 | D6: 111212 | E6: 777878
A7: 4DC6 | B7: ䷆ | C7: 師 | D7: 222212 | E7: 888878
A8: 4DC7 | B8: ䷇ | C8: 比 | D8: 212222 | E8: 878888
A9: 4DC8 | B9: ䷈ | C9: 小畜 | D9: 112111 | E9: 778777
A10: 4DC9 | B10: ䷉ | C10: 履 | D10: 111211 | E10: 777877
A11: 4DCA | B11: ䷊ | C11: 泰 | D11: 222111 | E11: 888777
A12: 4DCB | B12: ䷋ | C12: 否 | D12: 111222 | E12: 777888
... A64: 4DFF | B64: ䷿ | C64: 未濟 | D64: 121212 | E64: 787878

Sheet 729
A1: =ROW() -> 1 | B1: {=--_xlfn.CONCAT(MID(_xlfn.BASE(ROW()-1, 3, 6), _xlfn.SEQUENCE(6), 1) + 7)} -> 777777 | C1: =_xlfn.XLOOKUP(TEXT($B1,"000000"), '64'!$E:$E, '64'!B:B, "") -> ䷀ | D1: =_xlfn.XLOOKUP(TEXT($B1,"000000"), '64'!$E:$E, '64'!C:C, "") -> 乾 | E1: =IF($C1="","","$"&DEC2HEX(_xlfn.UNICODE($C1))) -> $4DC0 | F1: =IF($E1="","j6"&$B1,"") | G1: {=_xlfn.LET( _xlpm.rng, E1:E1000, _xlpm.nonblank, _xlpm.rng<>"", _xlpm.groups, _xlfn.SCAN(1, _xlpm.nonblank, _xlfn.LAMBDA(_xlpm.a,_xlpm.b, IF(_xlpm.b, _xlpm.a, _xlpm.a+1))), _xlpm.fData, _xlfn._xlws.FILTER(_xlpm.rng, _xlpm.nonblank), _xlpm.fGroups, _xlfn._xlws.FILTER(_xlpm.groups, _xlpm.nonblank), _xlpm.uGroups, _xlfn.UNIQUE(_xlpm.fGroups), _xlfn.BYROW(_xlpm.uGroups, _xlfn.LAMBDA(_xlpm.g, _xlfn.TEXTJOIN(",", TRUE, _xlfn._xlws.FILTER(_xlpm.fData, _xlpm.fGroups=_xlpm.g)))) )} -> $4DC0,$4DEB | H1: =_xlfn.TEXTJOIN(",", TRUE, G:G) -> $4DC0,$4DEB,$4DCC,$4DE0,$4DC9,$4DC5,$4DD8,$4DCB,$4DC8,$4DF8,$4DE4,$4DF4,$4DFC,$4DFA,$4DE9,$4DD3,$4DCD,$4DF1,$4DDD,$4DF7,$4DE5,$4DFF,$4DD4,$4DE2,$4DD9,$4DD1,$4DD5,$4DF3,$4DE8,$4DC3,$4DDA,$4DD6,$4DEA,$4DDB,$4DF0,$4DDE,$4DF9,$4DEE,$4DD0,$4DEC,$4DC4,$4DEF,$4DFE,$4DE6,$4DFB,$4DDC,$4DC2,$4DC7,$4DE1,$4DDF,$4DF6,$4DFD,$4DF5,$4DE7,$4DF2,$4DCF,$4DCA,$4DED,$4DE3,$4DCE,$4DD2,$4DC6,$4DD7,$4DC1 | I1: hexagramforthecreativeheaven | J1: =IF(MOD(ROW(),9)=0,MOD(ROW(),9)+9,MOD(ROW(),9)) -> 1
A2: =ROW() -> 2 | B2: {=--_xlfn.CONCAT(MID(_xlfn.BASE(ROW()-1, 3, 6), _xlfn.SEQUENCE(6), 1) + 7)} -> 777778 | C2: =_xlfn.XLOOKUP(TEXT($B2,"000000"), '64'!$E:$E, '64'!B:B, "") -> ䷫ | D2: =_xlfn.XLOOKUP(TEXT($B2,"000000"), '64'!$E:$E, '64'!C:C, "") -> 姤 | E2: =IF($C2="","","$"&DEC2HEX(_xlfn.UNICODE($C2))) -> $4DEB | F2: =IF($E2="","j6"&$B2,"") | G2: $4DCC,$4DE0 | I2: hexagramforcomingtomeet | J2: =IF(MOD(ROW(),9)=0,MOD(ROW(),9)+9,MOD(ROW(),9)) -> 2
A3: =ROW() -> 3 | B3: {=--_xlfn.CONCAT(MID(_xlfn.BASE(ROW()-1, 3, 6), _xlfn.SEQUENCE(6), 1) + 7)} -> 777779 | C3: =_xlfn.XLOOKUP(TEXT($B3,"000000"), '64'!$E:$E, '64'!B:B, "") | D3: =_xlfn.XLOOKUP(TEXT($B3,"000000"), '64'!$E:$E, '64'!C:C, "") | E3: =IF($C3="","","$"&DEC2HEX(_xlfn.UNICODE($C3))) | F3: =IF($E3="","j6"&$B3,"") -> j6777779 | G3: $4DC9,$4DC5 | I3: j6777779 | J3: =IF(MOD(ROW(),9)=0,MOD(ROW(),9)+9,MOD(ROW(),9)) -> 3
A4: =ROW() -> 4 | B4: {=--_xlfn.CONCAT(MID(_xlfn.BASE(ROW()-1, 3, 6), _xlfn.SEQUENCE(6), 1) + 7)} -> 777787 | C4: =_xlfn.XLOOKUP(TEXT($B4,"000000"), '64'!$E:$E, '64'!B:B, "") -> ䷌ | D4: =_xlfn.XLOOKUP(TEXT($B4,"000000"), '64'!$E:$E, '64'!C:C, "") -> 同人 | E4: =IF($C4="","","$"&DEC2HEX(_xlfn.UNICODE($C4))) -> $4DCC | F4: =IF($E4="","j6"&$B4,"") | G4: $4DD8,$4DCB | I4: hexagramforfellowship | J4: =IF(MOD(ROW(),9)=0,MOD(ROW(),9)+9,MOD(ROW(),9)) -> 4
A5: =ROW() -> 5 | B5: {=--_xlfn.CONCAT(MID(_xlfn.BASE(ROW()-1, 3, 6), _xlfn.SEQUENCE(6), 1) + 7)} -> 777788 | C5: =_xlfn.XLOOKUP(TEXT($B5,"000000"), '64'!$E:$E, '64'!B:B, "") -> ䷠ | D5: =_xlfn.XLOOKUP(TEXT($B5,"000000"), '64'!$E:$E, '64'!C:C, "") -> 遯 | E5: =IF($C5="","","$"&DEC2HEX(_xlfn.UNICODE($C5))) -> $4DE0 | F5: =IF($E5="","j6"&$B5,"") | G5: $4DC8,$4DF8 | I5: hexagramforretreat | J5: =IF(MOD(ROW(),9)=0,MOD(ROW(),9)+9,MOD(ROW(),9)) -> 5
A6: =ROW() -> 6 | B6: {=--_xlfn.CONCAT(MID(_xlfn.BASE(ROW()-1, 3, 6), _xlfn.SEQUENCE(6), 1) + 7)} -> 777789 | C6: =_xlfn.XLOOKUP(TEXT($B6,"000000"), '64'!$E:$E, '64'!B:B, "") | D6: =_xlfn.XLOOKUP(TEXT($B6,"000000"), '64'!$E:$E, '64'!C:C, "") | E6: =IF($C6="","","$"&DEC2HEX(_xlfn.UNICODE($C6))) | F6: =IF($E6="","j6"&$B6,"") -> j6777789 | G6: $4DE4,$4DF4 | I6: j6777789 | J6: =IF(MOD(ROW(),9)=0,MOD(ROW(),9)+9,MOD(ROW(),9)) -> 6
A7: =ROW() -> 7 | B7: {=--_xlfn.CONCAT(MID(_xlfn.BASE(ROW()-1, 3, 6), _xlfn.SEQUENCE(6), 1) + 7)} -> 777797 | C7: =_xlfn.XLOOKUP(TEXT($B7,"000000"), '64'!$E:$E, '64'!B:B, "") | D7: =_xlfn.XLOOKUP(TEXT($B7,"000000"), '64'!$E:$E, '64'!C:C, "") | E7: =IF($C7="","","$"&DEC2HEX(_xlfn.UNICODE($C7))) | F7: =IF($E7="","j6"&$B7,"") -> j6777797 | G7: $4DFC,$4DFA | I7: j6777797 | J7: =IF(MOD(ROW(),9)=0,MOD(ROW(),9)+9,MOD(ROW(),9)) -> 7
A8: =ROW() -> 8 | B8: {=--_xlfn.CONCAT(MID(_xlfn.BASE(ROW()-1, 3, 6), _xlfn.SEQUENCE(6), 1) + 7)} -> 777798 | C8: =_xlfn.XLOOKUP(TEXT($B8,"000000"), '64'!$E:$E, '64'!B:B, "") | D8: =_xlfn.XLOOKUP(TEXT($B8,"000000"), '64'!$E:$E, '64'!C:C, "") | E8: =IF($C8="","","$"&DEC2HEX(_xlfn.UNICODE($C8))) | F8: =IF($E8="","j6"&$B8,"") -> j6777798 | G8: $4DE9,$4DD3 | I8: j6777798 | J8: =IF(MOD(ROW(),9)=0,MOD(ROW(),9)+9,MOD(ROW(),9)) -> 8
A9: =ROW() -> 9 | B9: {=--_xlfn.CONCAT(MID(_xlfn.BASE(ROW()-1, 3, 6), _xlfn.SEQUENCE(6), 1) + 7)} -> 777799 | C9: =_xlfn.XLOOKUP(TEXT($B9,"000000"), '64'!$E:$E, '64'!B:B, "") | D9: =_xlfn.XLOOKUP(TEXT($B9,"000000"), '64'!$E:$E, '64'!C:C, "") | E9: =IF($C9="","","$"&DEC2HEX(_xlfn.UNICODE($C9))) | F9: =IF($E9="","j6"&$B9,"") -> j6777799 | G9: $4DCD,$4DF1 | I9: j6777799 | J9: =IF(MOD(ROW(),9)=0,MOD(ROW(),9)+9,MOD(ROW(),9)) -> 9
A10: =ROW() -> 10 | B10: {=--_xlfn.CONCAT(MID(_xlfn.BASE(ROW()-1, 3, 6), _xlfn.SEQUENCE(6), 1) + 7)} -> 777877 | C10: =_xlfn.XLOOKUP(TEXT($B10,"000000"), '64'!$E:$E, '64'!B:B, "") -> ䷉ | D10: =_xlfn.XLOOKUP(TEXT($B10,"000000"), '64'!$E:$E, '64'!C:C, "") -> 履 | E10: =IF($C10="","","$"&DEC2HEX(_xlfn.UNICODE($C10))) -> $4DC9 | F10: =IF($E10="","j6"&$B10,"") | G10: $4DDD,$4DF7 | I10: hexagramfortreading | J10: =IF(MOD(ROW(),9)=0,MOD(ROW(),9)+9,MOD(ROW(),9)) -> 1
A11: =ROW() -> 11 | B11: {=--_xlfn.CONCAT(MID(_xlfn.BASE(ROW()-1, 3, 6), _xlfn.SEQUENCE(6), 1) + 7)} -> 777878 | C11: =_xlfn.XLOOKUP(TEXT($B11,"000000"), '64'!$E:$E, '64'!B:B, "") -> ䷅ | D11: =_xlfn.XLOOKUP(TEXT($B11,"000000"), '64'!$E:$E, '64'!C:C, "") -> 訟 | E11: =IF($C11="","","$"&DEC2HEX(_xlfn.UNICODE($C11))) -> $4DC5 | F11: =IF($E11="","j6"&$B11,"") | G11: $4DE5,$4DFF | I11: hexagramforconflict | J11: =IF(MOD(ROW(),9)=0,MOD(ROW(),9)+9,MOD(ROW(),9)) -> 2
A12: =ROW() -> 12 | B12: {=--_xlfn.CONCAT(MID(_xlfn.BASE(ROW()-1, 3, 6), _xlfn.SEQUENCE(6), 1) + 7)} -> 777879 | C12: =_xlfn.XLOOKUP(TEXT($B12,"000000"), '64'!$E:$E, '64'!B:B, "") | D12: =_xlfn.XLOOKUP(TEXT($B12,"000000"), '64'!$E:$E, '64'!C:C, "") | E12: =IF($C12="","","$"&DEC2HEX(_xlfn.UNICODE($C12))) | F12: =IF($E12="","j6"&$B12,"") -> j6777879 | G12: $4DD4,$4DE2 | I12: j6777879 | J12: =IF(MOD(ROW(),9)=0,MOD(ROW(),9)+9,MOD(ROW(),9)) -> 3
A13: =ROW() -> 13 | B13: {=--_xlfn.CONCAT(MID(_xlfn.BASE(ROW()-1, 3, 6), _xlfn.SEQUENCE(6), 1) + 7)} -> 777887 | C13: =_xlfn.XLOOKUP(TEXT($B13,"000000"), '64'!$E:$E, '64'!B:B, "") -> ䷘ | D13: =_xlfn.XLOOKUP(TEXT($B13,"000000"), '64'!$E:$E, '64'!C:C, "") -> 无妄 | E13: =IF($C13="","","$"&DEC2HEX(_xlfn.UNICODE($C13))) -> $4DD8 | F13: =IF($E13="","j6"&$B13,"") | G13: $4DD9,$4DD1 | I13: hexagramforinnocence | J13: =IF(MOD(ROW(),9)=0,MOD(ROW(),9)+9,MOD(ROW(),9)) -> 4
... A32: =ROW() -> 32 | B32: {=--_xlfn.CONCAT(MID(_xlfn.BASE(ROW()-1, 3, 6), _xlfn.SEQUENCE(6), 1) + 7)} -> 778788 | C32: =_xlfn.XLOOKUP(TEXT($B32,"000000"), '64'!$E:$E, '64'!B:B, "") -> ䷴ | D32: =_xlfn.XLOOKUP(TEXT($B32,"000000"), '64'!$E:$E, '64'!C:C, "") -> 漸 | E32: =IF($C32="","","$"&DEC2HEX(_xlfn.UNICODE($C32))) -> $4DF4 | F32: =IF($E32="","j6"&$B32,"") | G32: $4DD7,$4DC1 | I32: hexagramfordevelopment | J32: =IF(MOD(ROW(),9)=0,MOD(ROW(),9)+9,MOD(ROW(),9)) -> 5
A33: =ROW() -> 33 | B33: {=--_xlfn.CONCAT(MID(_xlfn.BASE(ROW()-1, 3, 6), _xlfn.SEQUENCE(6), 1) + 7)} -> 778789 | C33: =_xlfn.XLOOKUP(TEXT($B33,"000000"), '64'!$E:$E, '64'!B:B, "") | D33: =_xlfn.XLOOKUP(TEXT($B33,"000000"), '64'!$E:$E, '64'!C:C, "") | E33: =IF($C33="","","$"&DEC2HEX(_xlfn.UNICODE($C33))) | F33: =IF($E33="","j6"&$B33,"") -> j6778789 | I33: j6778789 | J33: =IF(MOD(ROW(),9)=0,MOD(ROW(),9)+9,MOD(ROW(),9)) -> 6
A34: =ROW() -> 34 | B34: {=--_xlfn.CONCAT(MID(_xlfn.BASE(ROW()-1, 3, 6), _xlfn.SEQUENCE(6), 1) + 7)} -> 778797 | C34: =_xlfn.XLOOKUP(TEXT($B34,"000000"), '64'!$E:$E, '64'!B:B, "") | D34: =_xlfn.XLOOKUP(TEXT($B34,"000000"), '64'!$E:$E, '64'!C:C, "") | E34: =IF($C34="","","$"&DEC2HEX(_xlfn.UNICODE($C34))) | F34: =IF($E34="","j6"&$B34,"") -> j6778797 | I34: j6778797 | J34: =IF(MOD(ROW(),9)=0,MOD(ROW(),9)+9,MOD(ROW(),9)) -> 7
A35: =ROW() -> 35 | B35: {=--_xlfn.CONCAT(MID(_xlfn.BASE(ROW()-1, 3, 6), _xlfn.SEQUENCE(6), 1) + 7)} -> 778798 | C35: =_xlfn.XLOOKUP(TEXT($B35,"000000"), '64'!$E:$E, '64'!B:B, "") | D35: =_xlfn.XLOOKUP(TEXT($B35,"000000"), '64'!$E:$E, '64'!C:C, "") | E35: =IF($C35="","","$"&DEC2HEX(_xlfn.UNICODE($C35))) | F35: =IF($E35="","j6"&$B35,"") -> j6778798 | I35: j6778798 | J35: =IF(MOD(ROW(),9)=0,MOD(ROW(),9)+9,MOD(ROW(),9)) -> 8
A36: =ROW() -> 36 | B36: {=--_xlfn.CONCAT(MID(_xlfn.BASE(ROW()-1, 3, 6), _xlfn.SEQUENCE(6), 1) + 7)} -> 778799 | C36: =_xlfn.XLOOKUP(TEXT($B36,"000000"), '64'!$E:$E, '64'!B:B, "") | D36: =_xlfn.XLOOKUP(TEXT($B36,"000000"), '64'!$E:$E, '64'!C:C, "") | E36: =IF($C36="","","$"&DEC2HEX(_xlfn.UNICODE($C36))) | F36: =IF($E36="","j6"&$B36,"") -> j6778799 | I36: j6778799 | J36: =IF(MOD(ROW(),9)=0,MOD(ROW(),9)+9,MOD(ROW(),9)) -> 9
A37: =ROW() -> 37 | B37: {=--_xlfn.CONCAT(MID(_xlfn.BASE(ROW()-1, 3, 6), _xlfn.SEQUENCE(6), 1) + 7)} -> 778877 | C37: =_xlfn.XLOOKUP(TEXT($B37,"000000"), '64'!$E:$E, '64'!B:B, "") -> ䷼ | D37: =_xlfn.XLOOKUP(TEXT($B37,"000000"), '64'!$E:$E, '64'!C:C, "") -> 中孚 | E37: =IF($C37="","","$"&DEC2HEX(_xlfn.UNICODE($C37))) -> $4DFC | F37: =IF($E37="","j6"&$B37,"") | I37: hexagramforinnertruth | J37: =IF(MOD(ROW(),9)=0,MOD(ROW(),9)+9,MOD(ROW(),9)) -> 1
A38: =ROW() -> 38 | B38: {=--_xlfn.CONCAT(MID(_xlfn.BASE(ROW()-1, 3, 6), _xlfn.SEQUENCE(6), 1) + 7)} -> 778878 | C38: =_xlfn.XLOOKUP(TEXT($B38,"000000"), '64'!$E:$E, '64'!B:B, "") -> ䷺ | D38: =_xlfn.XLOOKUP(TEXT($B38,"000000"), '64'!$E:$E, '64'!C:C, "") -> 渙 | E38: =IF($C38="","","$"&DEC2HEX(_xlfn.UNICODE($C38))) -> $4DFA | F38: =IF($E38="","j6"&$B38,"") | I38: hexagramfordispersion | J38: =IF(MOD(ROW(),9)=0,MOD(ROW(),9)+9,MOD(ROW(),9)) -> 2
A39: =ROW() -> 39 | B39: {=--_xlfn.CONCAT(MID(_xlfn.BASE(ROW()-1, 3, 6), _xlfn.SEQUENCE(6), 1) + 7)} -> 778879 | C39: =_xlfn.XLOOKUP(TEXT($B39,"000000"), '64'!$E:$E, '64'!B:B, "") | D39: =_xlfn.XLOOKUP(TEXT($B39,"000000"), '64'!$E:$E, '64'!C:C, "") | E39: =IF($C39="","","$"&DEC2HEX(_xlfn.UNICODE($C39))) | F39: =IF($E39="","j6"&$B39,"") -> j6778879 | I39: j6778879 | J39: =IF(MOD(ROW(),9)=0,MOD(ROW(),9)+9,MOD(ROW(),9)) -> 3
A40: =ROW() -> 40 | B40: {=--_xlfn.CONCAT(MID(_xlfn.BASE(ROW()-1, 3, 6), _xlfn.SEQUENCE(6), 1) + 7)} -> 778887 | C40: =_xlfn.XLOOKUP(TEXT($B40,"000000"), '64'!$E:$E, '64'!B:B, "") -> ䷩ | D40: =_xlfn.XLOOKUP(TEXT($B40,"000000"), '64'!$E:$E, '64'!C:C, "") -> 益 | E40: =IF($C40="","","$"&DEC2HEX(_xlfn.UNICODE($C40))) -> $4DE9 | F40: =IF($E40="","j6"&$B40,"") | I40: hexagramforincrease | J40: =IF(MOD(ROW(),9)=0,MOD(ROW(),9)+9,MOD(ROW(),9)) -> 4
A41: =ROW() -> 41 | B41: {=--_xlfn.CONCAT(MID(_xlfn.BASE(ROW()-1, 3, 6), _xlfn.SEQUENCE(6), 1) + 7)} -> 778888 | C41: =_xlfn.XLOOKUP(TEXT($B41,"000000"), '64'!$E:$E, '64'!B:B, "") -> ䷓ | D41: =_xlfn.XLOOKUP(TEXT($B41,"000000"), '64'!$E:$E, '64'!C:C, "") -> 觀 | E41: =IF($C41="","","$"&DEC2HEX(_xlfn.UNICODE($C41))) -> $4DD3 | F41: =IF($E41="","j6"&$B41,"") | I41: hexagramforcontemplation | J41: =IF(MOD(ROW(),9)=0,MOD(ROW(),9)+9,MOD(ROW(),9)) -> 5
A42: =ROW() -> 42 | B42: {=--_xlfn.CONCAT(MID(_xlfn.BASE(ROW()-1, 3, 6), _xlfn.SEQUENCE(6), 1) + 7)} -> 778889 | C42: =_xlfn.XLOOKUP(TEXT($B42,"000000"), '64'!$E:$E, '64'!B:B, "") | D42: =_xlfn.XLOOKUP(TEXT($B42,"000000"), '64'!$E:$E, '64'!C:C, "") | E42: =IF($C42="","","$"&DEC2HEX(_xlfn.UNICODE($C42))) | F42: =IF($E42="","j6"&$B42,"") -> j6778889 | I42: j6778889 | J42: =IF(MOD(ROW(),9)=0,MOD(ROW(),9)+9,MOD(ROW(),9)) -> 6
A43: =ROW() -> 43 | B43: {=--_xlfn.CONCAT(MID(_xlfn.BASE(ROW()-1, 3, 6), _xlfn.SEQUENCE(6), 1) + 7)} -> 778897 | C43: =_xlfn.XLOOKUP(TEXT($B43,"000000"), '64'!$E:$E, '64'!B:B, "") | D43: =_xlfn.XLOOKUP(TEXT($B43,"000000"), '64'!$E:$E, '64'!C:C, "") | E43: =IF($C43="","","$"&DEC2HEX(_xlfn.UNICODE($C43))) | F43: =IF($E43="","j6"&$B43,"") -> j6778897 | I43: j6778897 | J43: =IF(MOD(ROW(),9)=0,MOD(ROW(),9)+9,MOD(ROW(),9)) -> 7
A44: =ROW() -> 44 | B44: {=--_xlfn.CONCAT(MID(_xlfn.BASE(ROW()-1, 3, 6), _xlfn.SEQUENCE(6), 1) + 7)} -> 778898 | C44: =_xlfn.XLOOKUP(TEXT($B44,"000000"), '64'!$E:$E, '64'!B:B, "") | D44: =_xlfn.XLOOKUP(TEXT($B44,"000000"), '64'!$E:$E, '64'!C:C, "") | E44: =IF($C44="","","$"&DEC2HEX(_xlfn.UNICODE($C44))) | F44: =IF($E44="","j6"&$B44,"") -> j6778898 | I44: j6778898 | J44: =IF(MOD(ROW(),9)=0,MOD(ROW(),9)+9,MOD(ROW(),9)) -> 8
... A729: =ROW() -> 729 | B729: {=--_xlfn.CONCAT(MID(_xlfn.BASE(ROW()-1, 3, 6), _xlfn.SEQUENCE(6), 1) + 7)} -> 999999 | C729: =_xlfn.XLOOKUP(TEXT($B729,"000000"), '64'!$E:$E, '64'!B:B, "") | D729: =_xlfn.XLOOKUP(TEXT($B729,"000000"), '64'!$E:$E, '64'!C:C, "") | E729: =IF($C729="","","$"&DEC2HEX(_xlfn.UNICODE($C729))) | F729: =IF($E729="","j6"&$B729,"") -> j6999999 | I729: j6999999 | J729: =IF(MOD(ROW(),9)=0,MOD(ROW(),9)+9,MOD(ROW(),9)) -> 9
